"Reference","Qty","Value","DNP","Exclude from BOM","Exclude from Board","Exclude from Simulation","Exclude from Position Files","Footprint","Datasheet"
"C1,C2,C3,C4,C5,C6,C7,C8,C9,C10,C11,C12","12","GRM188F11H104ZA01","","","","","${EXCLUDE_FROM_POS_FILES}","Capacitor_SMD:C_0603_1608Metric",""
"C13,C14,C15","3","GRM31CB31H106KA12","","","","","${EXCLUDE_FROM_POS_FILES}","Capacitor_SMD:C_1206_3216Metric",""
"D1,D2","2","SML-E12P8WT86","","","","","${EXCLUDE_FROM_POS_FILES}","0_Library:SML-E12P8WT86",""
"J1","1","","","","","","${EXCLUDE_FROM_POS_FILES}","0_Library:FamilyComputer_60pin",""
"R1,R2,R3,R4,R5,R6,R7,R8,R9,R10,R11,R12,R13,R14,R15,R16,R17,R18,R19,R20,R21,R22,R23,R26,R27,R28,R29,R30,R31,R32,R33,R34","32","RK73B1JTTD103J","","","","","${EXCLUDE_FROM_POS_FILES}","Resistor_SMD:R_0603_1608Metric",""
"R24,R25","2","RK73B1JTTD102J","","","","","${EXCLUDE_FROM_POS_FILES}","Resistor_SMD:R_0603_1608Metric",""
"R35","1","RK73Z1JTTD","未実装(DNP)","","","","${EXCLUDE_FROM_POS_FILES}","Resistor_SMD:R_0603_1608Metric",""
"SW1","1","SK-12D11VG3","","","","","${EXCLUDE_FROM_POS_FILES}","0_Library:SK-12D11VG3",""
"TP1,TP2,TP3,TP4,TP5,TP6,TP7,TP8,TP9,TP10","10","TestPoint","","","","","${EXCLUDE_FROM_POS_FILES}","TestPoint:TestPoint_Pad_2.5x2.5mm",""
"U1,U2,U3,U4,U5,U6","6","SN74AHCT595D","","","","","${EXCLUDE_FROM_POS_FILES}","0_Library:SN74AHCT595D",""
"U7,U8","2","CD74HCT165M96","","","","","${EXCLUDE_FROM_POS_FILES}","0_Library:CD74HCT165M96","http://www.ti.com/lit/ds/symlink/cd74hct165.pdf"
"U9","1","SN74AHCT244DWR","","","","","${EXCLUDE_FROM_POS_FILES}","0_Library:SN74AHCT244DWR",""
"U10,U11,U12","3","SN74LVC1T45DBVR","","","","","${EXCLUDE_FROM_POS_FILES}","0_Library:SN74LVC1T45DBVR",""
"U13","1","ESP32_DevModule","","","","","${EXCLUDE_FROM_POS_FILES}","0_Library:ESP32_DevModule",""
